<?xml version="1.0" encoding="UTF-8"?>
<configuration>
	<include
		resource="org/springframework/boot/logging/logback/defaults.xml" />
	​
	<springProperty scope="context" name="springAppName"
		source="spring.application.name" />
	<springProperty scope="context"
		name="LOGSTASH_LOG_PATTERN"
		source="logging.sleuth.logstash.baggage.pattern" /> <!-- sleuth.logstash.baggage.pattern -->
	<springProperty scope="context" name="LOGSTASH_SOCKET"
		source="logstash.tcp.socket" />
	<springProperty scope="context"
		name="LOGSTASH_TRACE_SOCKET" source="logstash.trace.tcp.socket" />

	<!-- Example for logging into the build folder of your project -->
	<property name="LOG_FILE"
		value="${BUILD_FOLDER:-build}/${springAppName}" />
	<!-- <property name="LOG_FILE" value="logs/app.log"/> -->
	​

	<!-- You can override this to have a custom pattern -->
	<property name="CONSOLE_LOG_PATTERN"
		value="%clr(%d{yyyy-MM-dd HH:mm:ss.SSS}){faint} %clr(${LOG_LEVEL_PATTERN:-%5p}) %clr(${LOGSTASH_LOG_PATTERN:- }) %clr(${PID:- }){magenta} %clr(---){faint} %clr([%15.15t]){faint} %clr(%-40.40logger{39}){cyan} %clr(:){faint} %m%n${LOG_EXCEPTION_CONVERSION_WORD:-%wEx}" />
	<property name="LOGSTASH_SOCKET"
		value="${LOGSTASH_SOCKET:-bld11733008:61148}" />
	<property name="LOGSTASH_TRACE_SOCKET"
		value="${LOGSTASH_TRACE_SOCKET:-bld11733008:61148}" />


	<!-- Appender to log to console -->
	<appender name="console"
		class="ch.qos.logback.core.ConsoleAppender">
		<filter class="ch.qos.logback.classic.filter.ThresholdFilter">
			<!-- Minimum logging level to be presented in the console logs -->
			<level>INFO</level>
		</filter>
		<encoder>
			<pattern>${CONSOLE_LOG_PATTERN}</pattern>
			<charset>utf8</charset>
		</encoder>
	</appender>

	<!-- Appender to log to file -->
	​
	<appender name="flatfile"
		class="ch.qos.logback.core.rolling.RollingFileAppender">
		<file></file>
		<rollingPolicy
			class="ch.qos.logback.core.rolling.TimeBasedRollingPolicy">
			<fileNamePattern>${LOG_FILE}.%d{yyyy-MM-dd}.gz</fileNamePattern>
			<maxHistory>7</maxHistory>
		</rollingPolicy>
		<encoder>
			<pattern>${CONSOLE_LOG_PATTERN}</pattern>
			<charset>utf8</charset>
		</encoder>
	</appender>
	​
	<!-- Appender to log to file in a JSON format -->
	<appender name="logstash"
		class="ch.qos.logback.core.rolling.RollingFileAppender">
		<file>${LOG_FILE}.json</file>
		<rollingPolicy
			class="ch.qos.logback.core.rolling.TimeBasedRollingPolicy">
			<fileNamePattern>${LOG_FILE}.json.%d{yyyy-MM-dd}.gz</fileNamePattern>
			<maxHistory>7</maxHistory>
		</rollingPolicy>
		<encoder
			class="net.logstash.logback.encoder.LoggingEventCompositeJsonEncoder">
			<providers>
				<timestamp>
					<timeZone>UTC</timeZone>
				</timestamp>
				<pattern>
					<pattern>
						{
						"severity": "%level",
						"service": "${springAppName:-}",
						"trace": "%X{X-B3-TraceId:-}",
						"span": "%X{X-B3-SpanId:-}",
						"parent": "%X{X-B3-ParentSpanId:-}",
						"exportable":
						"%X{X-Span-Export:-}",
						"pid": "${PID:-}",
						"thread": "%thread",
						"class": "%logger{40}",
						"rest": "%message"
						}
					</pattern>
				</pattern>
			</providers>
		</encoder>
	</appender>

	<appender name="STASH"
		class="net.logstash.logback.appender.LogstashTcpSocketAppender">
		<destination>${LOGSTASH_SOCKET}</destination>
		<!-- <destination>10.13.32.75/ bld11733008:8080</destination> -->
		<encoder
			class="net.logstash.logback.encoder.LoggingEventCompositeJsonEncoder">
			<providers>
				<mdc />
				MDC variables on the Thread will be written as JSON fields
				<context />
				Outputs entries from logback's context
				<version />
				Logstash json format version, the @version field in the output
				<logLevel />
				<loggerName />
				<pattern>
					<pattern>
						{
						"serviceName": "${springAppName:-}",
						"loggedAt":
						"%d{yyyy-MM-dd'T'HH:mm:ss.SSS'Z'}"
						}
					</pattern>
				</pattern>
				<threadName />
				<message />
				<logstashMarkers />
				<stackTrace />
			</providers>
		</encoder>
	</appender>

	<appender name="STASH_TRACE"
		class="net.logstash.logback.appender.LogstashTcpSocketAppender">
		<destination>${LOGSTASH_TRACE_SOCKET}</destination>
		<encoder
			class="net.logstash.logback.encoder.LoggingEventCompositeJsonEncoder">
			<providers>
				<mdc />
				MDC variables on the Thread will be written as JSON fields
				<context />
				Outputs entries from logback's context
				<version />
				Logstash json format version, the @version field in the output
				<logLevel />
				<loggerName />
				<pattern>
					<pattern>
						{
						"serviceName": "${springAppName:-}",
						"loggedAt":
						"%d{yyyy-MM-dd'T'HH:mm:ss.SSS'Z'}"
						}
					</pattern>
				</pattern>
				<threadName />
				<message />
				<logstashMarkers />
				<stackTrace />
			</providers>
		</encoder>
	</appender>
	​
	<root level="DEBUG">
		<appender-ref ref="console" />
		<!-- uncomment this to have also JSON logs -->
		<appender-ref ref="logstash"/>
		<appender-ref ref="flatfile" />
		<appender-ref ref="STASH"/> <appender-ref ref="STASH_TRACE"/>
	</root>
</configuration>