<?xml version="1.0" encoding="UTF-8" standalone="no"?>
<SOAP-ENV:Envelope xmlns:SOAP-ENV="http://schemas.xmlsoap.org/soap/envelope/" xmlns:S10="http://capabilities.nat.bt.com/xsd/ManageEngineeringTask/2007/12/31/CCM/CreateTaskRequest/Scheduling" xmlns:S11="http://capabilities.nat.bt.com/xsd/ManageEngineeringTask/2007/12/31/CCM/BaseTypes" xmlns:S14="http://capabilities.nat.bt.com/xsd/ManageEngineeringTask/2007/12/31/CCM/Parties/PartyRoles/Customer" xmlns:S17="http://capabilities.nat.bt.com/xsd/ManageEngineeringTask/2007/12/31/CCM/CreateTaskRequest/Activities" xmlns:S18="http://capabilities.nat.bt.com/xsd/ManageEngineeringTask/2007/12/31/MTOSI" xmlns:S19="http://capabilities.nat.bt.com/xsd/ManageEngineeringTask/2007/12/31/CCM/Portfolio" xmlns:S20="http://capabilities.nat.bt.com/xsd/ManageEngineeringTask/2007/12/31/CCM/CoreClasses/Specifications" xmlns:S21="http://capabilities.nat.bt.com/xsd/ManageEngineeringTask/2007/12/31/CCM/Users" xmlns:S23="http://capabilities.nat.bt.com/xsd/ManageEngineeringTask/2007/12/31/CCM/CreateTaskRequest/OperationalAnalysis" xmlns:S25="http://capabilities.nat.bt.com/xsd/ManageEngineeringTask/2007/12/31/MTOSI/Structs" xmlns:S33="http://capabilities.nat.bt.com/xsd/ManageEngineeringTask/2007/12/31/CCM/CreateTaskRequest/Interaction" xmlns:S34="http://capabilities.nat.bt.com/xsd/ManageEngineeringTask/2007/12/31/CCM/Services" xmlns:S36="http://capabilities.nat.bt.com/xsd/ManageEngineeringTask/2007/12/31/CCM/Parties" xmlns:S37="http://capabilities.nat.bt.com/xsd/ManageEngineeringTask/2007/12/31" xmlns:S4="http://capabilities.nat.bt.com/xsd/ManageEngineeringTask/2007/12/31/CCM/Agreements" xmlns:S5="http://capabilities.nat.bt.com/xsd/ManageEngineeringTask/2007/12/31/CCM/HR" xmlns:S6="http://capabilities.nat.bt.com/xsd/ManageEngineeringTask/2007/12/31/CCM/CreateTaskRequest/Incidents" xmlns:S61="http://capabilities.nat.bt.com/xsd/ManageEngineeringTask/2007/12/31/CCM/Places" xmlns:S8="http://capabilities.nat.bt.com/xsd/ManageEngineeringTask/2007/12/31/CCM/Activities" xmlns:header="http://wsi.nat.bt.com/2005/06/StandardHeader/">
	<SOAP-ENV:Body>
		<S37:createTaskRequest>
			<header:standardHeader>
				<header:e2e>
					<header:E2EDATA/>
				</header:e2e>
				<header:serviceState>
					<header:stateCode>OK</header:stateCode>
				</header:serviceState>
				<header:serviceAddressing>
					<header:from>http://ccm.intra.bt.com/Autofix-Operate</header:from>
					<header:to>
						<header:address>http://ccm.intra.bt.com/METsk</header:address>
					</header:to>
					<header:replyTo>
						<header:address>http://ccm.intra.bt.com/Autofix-Operate</header:address>
						<header:contextItemList>
						<header:contextItem contextId="http://ccm.intra.bt.com/Autofix-Operate" contextName="taskIdentifier">AF-WM-52653443</header:contextItem> 
						<header:contextItem contextId="http://ccm.intra.bt.com/Autofix-Operate" contextName="serviceType">21C_MTOSI_FORMAT</header:contextItem>
						<header:contextItem contextId="http://ccm.intra.bt.com/Autofix-Operate" contextName="instanceId">H9</header:contextItem>
						</header:contextItemList>
					</header:replyTo>
					<header:messageId>AF-WM-52653443</header:messageId>
					<header:serviceName>http://capabilities.nat.bt.com/ManageEngineeringTask</header:serviceName>
					<header:action>http://capabilities.intra.bt.com/ManageEngineeringTask#CreateTaskRequest</header:action>
				</header:serviceAddressing>
				<header:serviceSpecification>
					<header:payloadFormat>XML</header:payloadFormat>
					<header:version>1.0</header:version>
					<header:revision>0</header:revision>
				</header:serviceSpecification>
				<header:serviceSecurity/>
			</header:standardHeader>
			<S37:task>
				<S17:jIN>
					<S8:name>TaskIdentifier</S8:name>
					<S8:value>Test2</S8:value>
				</S17:jIN>
				<S17:associateTask>
					<S8:name>ExternalTaskReference</S8:name>
					<S8:value/>
				</S17:associateTask>
				<S17:taskCategory>
					<S8:name>Assurance</S8:name>
				</S17:taskCategory>
				<S17:problem>
					<S6:problemCategory>
						<S6:productType>21C_MTOSI_FORMAT</S6:productType>
					</S6:problemCategory>
					<S6:fault>
						<S6:dateTimeRaised>15/09/2019 05:02:32</S6:dateTimeRaised>
						<S6:type/>
					</S6:fault>
					<S6:mainproblemLocation>Test6</S6:mainproblemLocation>
					<S6:earlyLifeFailure>false</S6:earlyLifeFailure>
				</S17:problem>
				<S17:careLevel>
					<S4:name>Test12</S4:name>
				</S17:careLevel>
				<S17:taskNote>
					<S8:name>GENERAL</S8:name>
					<S8:value>
						<![CDATA[AF-AR-OP-6938416test fault please ignore]]>
					</S8:value>
				</S17:taskNote>
				<S17:order/>
				<S17:responseIndicator>Test5</S17:responseIndicator>
				<S17:taskRole>
					<S8:name>CPID</S8:name>
					<S8:value/>
				</S17:taskRole>
				<S17:appointment/>
				<S17:managedElement>
					<S18:name>
						<S18:name>
							<S18:meNm>261729</S18:meNm>
							<S18:ehNm>/shelf=46</S18:ehNm>
							<S18:ftpNm>NULL</S18:ftpNm>
							<S18:ctpNm>NULL</S18:ctpNm>
							<S18:eqNm>NULL</S18:eqNm>
						</S18:name>
					</S18:name>
					<S18:aliasNameList>
						<S25:attributeName>Code1141</S25:attributeName> 
						<S25:attributeValue>Test4</S25:attributeValue>
					</S18:aliasNameList>
					<S18:equipmentHolder>
						<S18:location>
							<S61:location>
								<S61:type>Shelf Floor Location</S61:type>
								<S61:name>001</S61:name>
							</S61:location>
							<S61:location>
								<S61:type>Shelf Suite Location</S61:type>
								<S61:name>136</S61:name>
							</S61:location>
							<S61:location>
								<S61:type>Shelf Rack Location</S61:type>
								<S61:name>246</S61:name>
							</S61:location>
							<S61:location>
								<S61:type>Shelf Label</S61:type>
								<S61:name>46</S61:name>
							</S61:location>
							<S61:accessToSite>false</S61:accessToSite>
						</S18:location>
						<S18:routineCharacteristics/>
					</S18:equipmentHolder>
				</S17:managedElement>
				<S17:siteContact>
					<S14:customerSite>
						<S14:customerContact>
							<S14:contactDetails>
								<S36:person>
									<S36:personName>
										<S36:title/>
										<S36:forename>BT</S36:forename>
									</S36:personName>
								</S36:person>
								<S36:address>
									<S61:welshPostalAddress>
										<S61:uKPostalAddress>
											<S61:postCode/>
										</S61:uKPostalAddress>
									</S61:welshPostalAddress>
								</S36:address>
							</S14:contactDetails>
						</S14:customerContact>
					</S14:customerSite>
				</S17:siteContact>
				<S17:serviceInstance>
					<S34:definitelyAffectedFlag>false</S34:definitelyAffectedFlag>
				</S17:serviceInstance>
				<S17:taskCharacteristic>
					<S8:name>TaskType</S8:name>
					<S8:value>2MN65M</S8:value>
				</S17:taskCharacteristic>
				<S17:taskCharacteristic>
					<S8:name>BusinessAssetType</S8:name>
					<S8:value/>
				</S17:taskCharacteristic>
				<S17:taskCharacteristic>
					<S8:name>mdNmFlag</S8:name>
					<S8:value>false</S8:value>
				</S17:taskCharacteristic>
			</S37:task>
		</S37:createTaskRequest>
	</SOAP-ENV:Body>
</SOAP-ENV:Envelope>
